3lbs,0
3mg,1
3rd,2
3rd day,3
3rd month,4
3rd week,5
abdomen,6
abdominal,7
abdominal pain,8
ability,9
able,10
able control,11
able eat,12
able fall,13
able fall asleep,14
able get,15
able lose,16
able quit,17
able sleep,18
able stop,19
able take,20
abnormal,21
absolute,22
absolutely,23
absolutely amazing,24
absolutely love,25
absolutely nothing,26
acanya,27
accident,28
according,29
accutane,30
accutane month,31
accutane year,32
ache,33
achieve,34
acid,35
acid reflux,36
acne,37
acne acne,38
acne almost,39
acne also,40
acne always,41
acne around,42
acne away,43
acne back,44
acne bad,45
acne breakout,46
acne came,47
acne came back,48
acne cheek,49
acne chin,50
acne clear,51
acne cleared,52
acne come,53
acne come back,54
acne completely,55
acne cream,56
acne ever,57
acne face,58
acne first,59
acne forehead,60
acne free,61
acne get,62
acne getting,63
acne gone,64
acne got,65
acne got worse,66
acne gotten,67
acne life,68
acne like,69
acne long,70
acne medication,71
acne month,72
acne much,73
acne never,74
acne nothing,75
acne prescribed,76
acne pretty,77
acne problem,78
acne really,79
acne scar,80
acne severe,81
acne since,82
acne since tried,83
acne since year,84
acne started,85
acne still,86
acne took,87
acne treatment,88
acne tried,89
acne used,90
acne week,91
acne well,92
acne went,93
acne within,94
acne worse,95
acne worst,96
acne would,97
acne year,98
acne year tried,99
across,100
act,101
acting,102
active,103
activity,104
actos,105
actual,106
actually,107
actually work,108
aczone,109
adapalene,110
add,111
added,112
addict,113
addicted,114
addiction,115
addictive,116
adding,117
addition,118
additional,119
adhd,120
adipex,121
adipex day,122
adipex month,123
adjust,124
adjusted,125
adjusting,126
adjustment,127
admit,128
adult,129
adult acne,130
adult life,131
adverse,132
advice,133
advil,134
advise,135
advised,136
affect,137
affected,138
affected area,139
affecting,140
afford,141
affordable,142
afraid,143
afrezza,144
afternoon,145
afterwards,146
age,147
agitated,148
ago,149
ago acne,150
ago already,151
ago doctor,152
ago first,153
ago lb,154
ago lost,155
ago lost lb,156
ago lost pound,157
ago prescribed,158
ago side,159
ago side effect,160
ago started,161
ago still,162
ago today,163
ago went,164
agree,165
agreed,166
ahead,167
aid,168
air,169
alarm,170
alcohol,171
alcohol withdrawal,172
alcoholic,173
alcoholism,174
alert,175
aleve,176
allergic,177
allergic reaction,178
allergy,179
alli,180
allow,181
allowed,182
allows,183
almost,184
almost completely,185
almost every,186
almost gone,187
almost immediately,188
almost month,189
almost two,190
almost week,191
almost year,192
alone,193
along,194
alot,195
already,196
already lost,197
already lost lb,198
already lost pound,199
also,200
also experienced,201
also feel,202
also felt,203
also get,204
also got,205
also help,206
also helped,207
also lost,208
also made,209
also noticed,210
also prescribed,211
also started,212
also take,213
also take metformin,214
also taking,215
also use,216
also used,217
also using,218
also work,219
alternative,220
although,221
altogether,222
always,223
amazed,224
amazing,225
amazing result,226
amazingly,227
ambien,228
ambien lunesta,229
ambien work,230
ambien worked,231
ambien year,232
amitriptyline,233
amount,234
amount food,235
amount time,236
amount weight,237
anger,238
angry,239
ankle,240
annoying,241
another,242
another lb,243
another month,244
another one,245
another pound,246
another week,247
answer,248
antabuse,249
anti,250
anti depressant,251
antibiotic,252
antidepressant,253
anxiety,254
anxiety attack,255
anxiety depression,256
anxiety insomnia,257
anxious,258
anybody,259
anymore,260
anyone,261
anyone else,262
anyone struggling,263
anything,264
anything else,265
anything like,266
anyway,267
anyways,268
anywhere,269
apart,270
app,271
apparently,272
appear,273
appeared,274
appetite,275
appetite craving,276
appetite decreased,277
appetite eat,278
appetite feel,279
appetite gone,280
appetite suppressant,281
apple,282
application,283
applied,284
apply,285
applying,286
appointment,287
approved,288
approx,289
approximately,290
april,291
aquaphor,292
area,293
arm,294
around,295
around chin,296
around day,297
around eye,298
around lb,299
around month,300
around mouth,301
around nose,302
around period,303
around pound,304
around time,305
around week,306
around year,307
arthritis,308
aside,309
ask,310
ask doctor,311
asked,312
asked doctor,313
asking,314
asleep,315
asleep hour,316
asleep night,317
asleep stay,318
asleep stay asleep,319
asleep staying,320
asleep staying asleep,321
asleep wake,322
asleep within,323
asleep within minute,324
aspect,325
associated,326
ate,327
ativan,328
atralin,329
attack,330
attempt,331
attention,332
attitude,333
aug,334
august,335
avail,336
available,337
average,338
averaging,339
avoid,340
awake,341
awake hour,342
awake night,343
aware,344
away,345
away day,346
away soon,347
away time,348
awesome,349
awful,350
awhile,351
awoke,352
baby,353
back,354
back acne,355
back asleep,356
back chest,357
back day,358
back dermatologist,359
back doctor,360
back month,361
back neck,362
back normal,363
back one,364
back pain,365
back pill,366
back sleep,367
back smoking,368
back started,369
back track,370
back week,371
back went,372
back year,373
baclofen,374
bacteria,375
bactrim,376
bad,377
bad acne,378
bad breakout,379
bad cystic,380
bad cystic acne,381
bad dream,382
bad experience,383
bad headache,384
bad side,385
bad side effect,386
bad skin,387
bad taste,388
bad thing,389
badly,390
bag,391
balance,392
balanced,393
band,394
bar,395
barely,396
based,397
basically,398
basis,399
bathroom,400
battle,401
battled,402
battling,403
bear,404
bearable,405
beat,406
beautiful,407
became,408
become,409
becomes,410
becoming,411
bed,412
bed time,413
bedtime,414
beer,415
began,416
began taking,417
began using,418
begin,419
beginning,420
begun,421
behavior,422
behind,423
belching,424
believe,425
belly,426
belsomra,427
belviq,428
belviq day,429
belviq month,430
belviq week,431
benadryl,432
beneficial,433
benefit,434
benzaclin,435
benzodiazepine,436
benzos,437
benzoyl,438
benzoyl peroxide,439
besides,440
best,441
best decision,442
best decision ever,443
best ever,444
best luck,445
best medicine,446
best part,447
best result,448
best sleep,449
best thing,450
best thing ever,451
better,452
better choice,453
better day,454
better ever,455
better month,456
better result,457
better skin,458
better sleep,459
better still,460
better year,461
beware,462
beyaz,463
beyond,464
big,465
big deal,466
big difference,467
bigger,468
biggest,469
bike,470
binge,471
binge eating,472
bipolar,473
birth,474
birth control,475
birth control pill,476
birthday,477
bit,478
bit nausea,479
bite,480
black,481
black head,482
blackhead,483
bladder,484
bleeding,485
bleeds,486
blemish,487
blessing,488
bloated,489
bloating,490
block,491
blood,492
blood glucose,493
blood pressure,494
blood sugar,495
blood sugar level,496
blood sugar reading,497
blood test,498
blood work,499
blown,500
blue,501
blurred,502
blurred vision,503
blurry,504
blurry vision,505
bmi,506
body,507
body ache,508
body get,509
body get used,510
bone,511
bontril,512
bonus,513
boob,514
book,515
boost,516
borderline,517
bored,518
born,519
bother,520
bothered,521
bothersome,522
bottle,523
bottom,524
bought,525
bout,526
bowel,527
bowel movement,528
box,529
boy,530
boyfriend,531
brain,532
brain fog,533
brand,534
brand name,535
bread,536
break,537
break out,538
breakfast,539
breaking,540
breakout,541
breakthrough,542
breast,543
breath,544
breathe,545
breathing,546
bright,547
bring,548
bringing,549
brings,550
broke,551
broken,552
brother,553
brought,554
brown,555
build,556
build tolerance,557
built,558
built tolerance,559
bump,560
bump forehead,561
bumped,562
bumpy,563
bunch,564
bupropion,565
burn,566
burned,567
burning,568
burning sensation,569
burnt,570
burp,571
burping,572
burst,573
busy,574
butt,575
buy,576
buying,577
bydureon,578
byetta,579
bypass,580
caffeine,581
cake,582
cal,583
call,584
called,585
called doctor,586
calm,587
calmed,588
caloric,589
caloric intake,590
calorie,591
calorie day,592
calorie diet,593
calorie intake,594
calorie per,595
calorie per day,596
came,597
came back,598
campral,599
cancer,600
candy,601
cant,602
capsule,603
car,604
carb,605
carb diet,606
carbs,607
card,608
cardio,609
care,610
careful,611
carry,612
case,613
cat,614
catch,615
caught,616
cause,617
caused,618
causing,619
caution,620
center,621
cerave,622
certain,623
certainly,624
cessation,625
cetaphil,626
champix,627
chance,628
change,629
change diet,630
change eating,631
change eating habit,632
change life,633
change lifestyle,634
change skin,635
changed,636
changed diet,637
changed eating,638
changed eating habit,639
changed life,640
changer,641
changing,642
chantix,643
chantix day,644
chantix first,645
chantix month,646
chantix quit,647
chantix smoked,648
chantix week,649
chantix worked,650
chapped,651
chapped lip,652
chapstick,653
charm,654
cheap,655
cheaper,656
cheat,657
check,658
checked,659
checking,660
cheek,661
cheek chin,662
cheek forehead,663
cheese,664
chemical,665
chest,666
chest back,667
chest pain,668
chew,669
chewing,670
chicken,671
child,672
chill,673
chin,674
chin area,675
chin cheek,676
chin forehead,677
chocolate,678
choice,679
cholesterol,680
choose,681
chose,682
christmas,683
chronic,684
chronic insomnia,685
chronic pain,686
cig,687
cigarette,688
cigarette day,689
cigarette since,690
cigs,691
claravis,692
class,693
clean,694
cleaning,695
cleanser,696
cleansing,697
clear,698
clear acne,699
clear face,700
clear month,701
clear skin,702
cleared,703
cleared acne,704
cleared completely,705
cleared face,706
cleared skin,707
clearer,708
clearing,709
clearing acne,710
clearly,711
clindamycin,712
clinic,713
clinique,714
clock,715
clogged,716
clogged pore,717
clonazepam,718
close,719
closed,720
clothes,721
coconut,722
codeine,723
coffee,724
coke,725
cold,726
cold turkey,727
college,728
combat,729
combination,730
combined,731
combo,732
come,733
come back,734
comfortable,735
coming,736
coming back,737
comment,738
commercial,739
committed,740
common,741
common side,742
common side effect,743
company,744
compare,745
compared,746
complain,747
complaining,748
complaint,749
complete,750
completed,751
completely,752
completely clear,753
completely cleared,754
completely gone,755
completely stopped,756
complexion,757
complication,758
compliment,759
computer,760
con,761
concentrate,762
concentration,763
concern,764
concerned,765
condition,766
confidence,767
confident,768
confused,769
confusion,770
conjunction,771
conscious,772
consider,773
considerably,774
considered,775
considering,776
consistent,777
consistently,778
constant,779
constantly,780
constipated,781
constipation,782
consuming,783
consumption,784
contact,785
content,786
continue,787
continue take,788
continue taking,789
continue use,790
continue using,791
continued,792
continues,793
continuing,794
continuously,795
contraceptive,796
contrave,797
contrave day,798
contrave first,799
contrave lost,800
contrave month,801
contrave month lost,802
contrave since,803
contrave week,804
contrave week ago,805
control,806
control acne,807
control eat,808
control pill,809
controlled,810
controlling,811
conversation,812
convinced,813
cooking,814
cool,815
copay,816
cope,817
correct,818
cost,819
cost month,820
cotton,821
cotton mouth,822
couch,823
cough,824
coughing,825
could,826
could barely,827
could eat,828
could find,829
could get,830
could hardly,831
could never,832
could see,833
could sleep,834
could stop,835
could take,836
could tell,837
count,838
counter,839
counting,840
counting calorie,841
countless,842
couple,843
couple day,844
couple hour,845
couple month,846
couple time,847
couple week,848
couple year,849
coupon,850
course,851
cover,852
coverage,853
covered,854
covered insurance,855
covering,856
cracked,857
cracker,858
cramp,859
cramping,860
cranky,861
crap,862
crave,863
crave sweet,864
craved,865
craving,866
craving alcohol,867
craving cigarette,868
craving food,869
craving gone,870
craving sweet,871
crazy,872
crazy dream,873
cream,874
cream face,875
credit,876
cried,877
crossed,878
cry,879
cup,880
cup coffee,881
cup size,882
curb,883
curb appetite,884
curbed,885
curbed appetite,886
curbing,887
cure,888
cured,889
current,890
current weight,891
currently,892
cut,893
cut back,894
cut half,895
cut pill,896
cutting,897
cycle,898
cyclen,899
cymbalta,900
cyst,901
cystic,902
cystic acne,903
cystic acne chin,904
cystic acne year,905
cystic pimple,906
dad,907
daily,908
daily basis,909
daily routine,910
dairy,911
damage,912
dangerous,913
dark,914
dark spot,915
date,916
daughter,917
day,918
day acne,919
day ago,920
day ago already,921
day already,922
day already lost,923
day also,924
day back,925
day bad,926
day chantix,927
day cigarette,928
day contrave,929
day could,930
day day,931
day decided,932
day doctor,933
day dose,934
day drink,935
day dry,936
day eat,937
day eating,938
day even,939
day every,940
day exercise,941
day experienced,942
day face,943
day far,944
day feel,945
day feeling,946
day felt,947
day first,948
day first day,949
day first week,950
day get,951
day going,952
day got,953
day great,954
day headache,955
day hoping,956
day however,957
day instead,958
day last,959
day later,960
day lb,961
day like,962
day little,963
day long,964
day lost,965
day lost lb,966
day lost pound,967
day made,968
day make,969
day medication,970
day month,971
day morning,972
day much,973
day nausea,974
day never,975
day next,976
day night,977
day noticed,978
day one,979
day pill,980
day quit,981
day really,982
day saw,983
day see,984
day severe,985
day side,986
day side effect,987
day since,988
day skin,989
day smoke,990
day smoke free,991
day smoked,992
day smoker,993
day smoker year,994
day smoking,995
day sometimes,996
day started,997
day starting,998
day still,999
day stop,1000
day stopped,1001
day supply,1002
day take,1003
day taking,1004
day think,1005
day three,1006
day time,1007
day today,1008
day took,1009
day trial,1010
day tried,1011
day two,1012
day use,1013
day used,1014
day using,1015
day want,1016
day week,1017
day weight,1018
day went,1019
day without,1020
day work,1021
day worked,1022
day would,1023
day year,1024
daytime,1025
dead,1026
deal,1027
dealing,1028
dealt,1029
death,1030
debilitating,1031
dec,1032
decade,1033
december,1034
decent,1035
decide,1036
decided,1037
decided get,1038
decided give,1039
decided see,1040
decided stop,1041
decided stop taking,1042
decided take,1043
decided try,1044
decision,1045
decision ever,1046
decrease,1047
decrease appetite,1048
decreased,1049
decreased appetite,1050
decreasing,1051
deep,1052
deep sleep,1053
definitely,1054
definitely help,1055
definitely helped,1056
definitely recommend,1057
definitely work,1058
definitely worth,1059
degenerative,1060
degree,1061
dehydrated,1062
dehydration,1063
dependency,1064
dependent,1065
depending,1066
depends,1067
depressant,1068
depressed,1069
depression,1070
depression anxiety,1071
deprived,1072
derm,1073
dermatologist,1074
dermatologist gave,1075
dermatologist prescribed,1076
dermatologist prescribed epiduo,1077
dermatologist put,1078
dermatologist recommended,1079
dermatologist said,1080
dermatologist told,1081
describe,1082
described,1083
desire,1084
desire drink,1085
desire eat,1086
desire smoke,1087
desk,1088
desperate,1089
despite,1090
determined,1091
detox,1092
develop,1093
developed,1094
developing,1095
diabetes,1096
diabetic,1097
diabetic year,1098
diagnosed,1099
diagnosed type,1100
diagnosis,1101
diarrhea,1102
didnt,1103
die,1104
died,1105
diet,1106
diet exercise,1107
diet pill,1108
dieting,1109
difference,1110
difference skin,1111
different,1112
different medication,1113
differently,1114
differin,1115
differin gel,1116
difficult,1117
difficulty,1118
diminished,1119
dinner,1120
directed,1121
direction,1122
disappear,1123
disappeared,1124
disappointed,1125
disappointing,1126
disc,1127
discomfort,1128
discontinue,1129
discontinued,1130
discount,1131
discount card,1132
discouraged,1133
discovered,1134
disease,1135
disgusting,1136
disorder,1137
dizziness,1138
dizzy,1139
doc,1140
doc prescribed,1141
doctor,1142
doctor appointment,1143
doctor gave,1144
doctor help,1145
doctor office,1146
doctor prescribe,1147
doctor prescribed,1148
doctor put,1149
doctor recommended,1150
doctor said,1151
doctor say,1152
doctor see,1153
doctor started,1154
doctor suggested,1155
doctor switched,1156
doctor told,1157
doctor took,1158
doctor tried,1159
doctor want,1160
doctor wanted,1161
doesnt,1162
dog,1163
dollar,1164
done,1165
dont,1166
doryx,1167
dos,1168
dosage,1169
dose,1170
dose day,1171
dose lost,1172
dose side,1173
dose side effect,1174
dose still,1175
dose week,1176
dosing,1177
dot,1178
double,1179
doubt,1180
downfall,1181
downside,1182
doxepin,1183
doxy,1184
doxycycline,1185
drag,1186
drained,1187
dramatic,1188
dramatically,1189
drank,1190
drastic,1191
drastically,1192
drawback,1193
dream,1194
dream nightmare,1195
dream vivid,1196
dreaming,1197
dried,1198
dried skin,1199
drink,1200
drink lot,1201
drink lot water,1202
drink plenty,1203
drink plenty water,1204
drink water,1205
drinker,1206
drinker year,1207
drinking,1208
drinking lot,1209
drinking lot water,1210
drinking water,1211
drive,1212
driving,1213
drop,1214
dropped,1215
dropped lb,1216
dropped pound,1217
dropping,1218
drowsiness,1219
drowsy,1220
drug,1221
drug help,1222
drug make,1223
drug month,1224
drug really,1225
drug work,1226
drugged,1227
drunk,1228
dry,1229
dry eye,1230
dry face,1231
dry flaky,1232
dry lip,1233
dry mouth,1234
dry mouth constipation,1235
dry mouth drink,1236
dry mouth side,1237
dry skin,1238
dry skin lip,1239
drying,1240
dryness,1241
duac,1242
due,1243
due side,1244
due side effect,1245
dull,1246
duration,1247
dying,1248
ear,1249
earlier,1250
early,1251
early morning,1252
ease,1253
easier,1254
easily,1255
easy,1256
easy use,1257
eat,1258
eat anything,1259
eat calorie,1260
eat day,1261
eat eat,1262
eat feel,1263
eat food,1264
eat get,1265
eat healthy,1266
eat le,1267
eat little,1268
eat lot,1269
eat meal,1270
eat much,1271
eat right,1272
eat small,1273
eat small meal,1274
eat small portion,1275
eat smaller,1276
eat smaller portion,1277
eat something,1278
eat want,1279
eaten,1280
eater,1281
eating,1282
eating better,1283
eating calorie,1284
eating habit,1285
eating healthier,1286
eating healthy,1287
eating le,1288
eating lot,1289
eating much,1290
eating right,1291
eating small,1292
eczema,1293
edge,1294
effect,1295
effect also,1296
effect appetite,1297
effect away,1298
effect bad,1299
effect constipation,1300
effect day,1301
effect drug,1302
effect dry,1303
effect dry lip,1304
effect dry mouth,1305
effect except,1306
effect experienced,1307
effect far,1308
effect feel,1309
effect feeling,1310
effect felt,1311
effect first,1312
effect get,1313
effect gone,1314
effect headache,1315
effect horrible,1316
effect however,1317
effect insomnia,1318
effect like,1319
effect little,1320
effect lost,1321
effect make,1322
effect medication,1323
effect medicine,1324
effect mild,1325
effect minimal,1326
effect much,1327
effect nausea,1328
effect noticed,1329
effect one,1330
effect people,1331
effect really,1332
effect severe,1333
effect sleep,1334
effect slight,1335
effect started,1336
effect still,1337
effect take,1338
effect taking,1339
effect took,1340
effect week,1341
effect weight,1342
effect went,1343
effect went away,1344
effect whatsoever,1345
effect worth,1346
effect would,1347
effect yet,1348
effective,1349
effectively,1350
effectiveness,1351
effort,1352
egg,1353
eight,1354
either,1355
elavil,1356
eliminate,1357
eliminated,1358
else,1359
embarrassed,1360
embarrassing,1361
emergency,1362
emergency room,1363
emotion,1364
emotional,1365
emotionally,1366
empty,1367
empty stomach,1368
encourage,1369
end,1370
end day,1371
end month,1372
end week,1373
ended,1374
endo,1375
endocrinologist,1376
energetic,1377
energized,1378
energy,1379
energy level,1380
enjoy,1381
enjoyed,1382
enjoying,1383
enough,1384
entire,1385
entire day,1386
entire face,1387
entire life,1388
entirely,1389
epiduo,1390
epiduo forte,1391
epiduo gel,1392
epiduo month,1393
epiduo week,1394
episode,1395
especially,1396
especially around,1397
esteem,1398
etc,1399
even,1400
even feel,1401
even take,1402
even think,1403
even though,1404
even tried,1405
even want,1406
even worse,1407
evening,1408
event,1409
eventually,1410
ever,1411
ever done,1412
ever made,1413
ever since,1414
ever taken,1415
ever tried,1416
ever used,1417
ever worked,1418
every,1419
every day,1420
every diet,1421
every hour,1422
every minute,1423
every month,1424
every morning,1425
every night,1426
every single,1427
every time,1428
every two,1429
every week,1430
everybody,1431
everyday,1432
everyone,1433
everyone different,1434
everyone else,1435
everything,1436
everything else,1437
everything nothing,1438
everything sun,1439
everywhere,1440
exact,1441
exactly,1442
exactly week,1443
example,1444
excellent,1445
except,1446
exception,1447
excercise,1448
excess,1449
excessive,1450
excited,1451
excited see,1452
excruciating,1453
exercise,1454
exercise daily,1455
exercise day,1456
exercise day week,1457
exercise eat,1458
exercise lost,1459
exercise time,1460
exercise time week,1461
exercised,1462
exercising,1463
exhausted,1464
exhaustion,1465
expect,1466
expected,1467
expecting,1468
expensive,1469
experience,1470
experience nausea,1471
experience side,1472
experience side effect,1473
experienced,1474
experienced dry,1475
experienced dry mouth,1476
experienced nausea,1477
experienced severe,1478
experienced side,1479
experienced side effect,1480
experiencing,1481
explained,1482
extended,1483
extended release,1484
extent,1485
extra,1486
extreme,1487
extreme fatigue,1488
extreme nausea,1489
extremely,1490
extremely dry,1491
extremely happy,1492
extremely oily,1493
extremely tired,1494
eye,1495
eye drop,1496
eyebrow,1497
fabulous,1498
face,1499
face acne,1500
face back,1501
face broke,1502
face chest,1503
face clear,1504
face cleared,1505
face completely,1506
face dry,1507
face feel,1508
face get,1509
face got,1510
face look,1511
face really,1512
face red,1513
face started,1514
face wash,1515
facial,1516
fact,1517
factor,1518
fade,1519
faded,1520
fading,1521
fail,1522
failed,1523
failure,1524
fair,1525
fairly,1526
fall,1527
fall asleep,1528
fall asleep stay,1529
fall asleep within,1530
fall back,1531
fall back sleep,1532
fall right,1533
falling,1534
falling asleep,1535
falling asleep staying,1536
family,1537
fantastic,1538
far,1539
far best,1540
far feel,1541
far good,1542
far happy,1543
far lost,1544
far lost lb,1545
far lost pound,1546
far side,1547
far side effect,1548
farxiga,1549
fast,1550
fast food,1551
faster,1552
fastin,1553
fasting,1554
fasting blood,1555
fasting blood sugar,1556
fat,1557
fat diet,1558
father,1559
fatigue,1560
fatigued,1561
fatty,1562
fatty food,1563
fault,1564
favorite,1565
fda,1566
fear,1567
feb,1568
february,1569
fed,1570
feel,1571
feel amazing,1572
feel bad,1573
feel better,1574
feel bit,1575
feel fine,1576
feel full,1577
feel good,1578
feel great,1579
feel groggy,1580
feel hungry,1581
feel like,1582
feel like eating,1583
feel little,1584
feel much,1585
feel much better,1586
feel nauseous,1587
feel need,1588
feel normal,1589
feel really,1590
feel refreshed,1591
feel rested,1592
feel sick,1593
feel sleepy,1594
feel tired,1595
feeling,1596
feeling better,1597
feeling great,1598
feeling hungry,1599
feeling like,1600
feeling much,1601
feeling refreshed,1602
feeling sick,1603
feeling tired,1604
fell,1605
fell asleep,1606
felt,1607
felt bad,1608
felt better,1609
felt fine,1610
felt good,1611
felt great,1612
felt horrible,1613
felt like,1614
felt little,1615
felt nauseous,1616
felt sick,1617
felt tired,1618
female,1619
female started,1620
fever,1621
fewer,1622
fiber,1623
fibromyalgia,1624
fifth,1625
fight,1626
fighting,1627
figure,1628
figured,1629
fill,1630
filled,1631
final,1632
finally,1633
finally decided,1634
finally feel,1635
finally found,1636
finally got,1637
finally went,1638
finally went dermatologist,1639
find,1640
find something,1641
finding,1642
fine,1643
finger,1644
finger crossed,1645
finish,1646
finished,1647
finishing,1648
fioricet,1649
fiorinal,1650
fire,1651
first,1652
first couple,1653
first couple day,1654
first couple month,1655
first couple week,1656
first day,1657
first day felt,1658
first day taking,1659
first day took,1660
first dose,1661
first injection,1662
first month,1663
first month lost,1664
first night,1665
first one,1666
first pack,1667
first pill,1668
first started,1669
first started taking,1670
first started using,1671
first thing,1672
first thing morning,1673
first three,1674
first time,1675
first time life,1676
first time took,1677
first time year,1678
first took,1679
first two,1680
first two day,1681
first two month,1682
first two week,1683
first week,1684
first week lost,1685
first week skin,1686
first week taking,1687
first year,1688
fish,1689
fit,1690
fitness,1691
fitness pal,1692
five,1693
five day,1694
five month,1695
five year,1696
fix,1697
fixed,1698
flake,1699
flakey,1700
flaking,1701
flaky,1702
flaky skin,1703
flare,1704
flash,1705
flat,1706
flawless,1707
floor,1708
flu,1709
fluid,1710
focus,1711
focused,1712
fog,1713
foggy,1714
follow,1715
followed,1716
following,1717
following day,1718
food,1719
food choice,1720
food craving,1721
food eat,1722
food eating,1723
food intake,1724
foot,1725
force,1726
force eat,1727
forced,1728
forehead,1729
forehead cheek,1730
forehead chin,1731
forever,1732
forget,1733
forget eat,1734
forgot,1735
form,1736
forming,1737
forte,1738
forth,1739
forward,1740
found,1741
found something,1742
found work,1743
foundation,1744
four,1745
four day,1746
four hour,1747
four month,1748
four week,1749
four year,1750
fourth,1751
frame,1752
free,1753
free day,1754
free month,1755
free trial,1756
free week,1757
free year,1758
frequency,1759
frequent,1760
frequent urination,1761
frequently,1762
fresh,1763
freshman,1764
friday,1765
fridge,1766
fried,1767
fried food,1768
friend,1769
friend family,1770
front,1771
fruit,1772
fruit veggie,1773
frustrated,1774
frustrating,1775
full,1776
full blown,1777
full day,1778
full dosage,1779
full dose,1780
full fast,1781
full feeling,1782
full hour,1783
full month,1784
full night,1785
full night sleep,1786
full quickly,1787
full time,1788
full week,1789
fuller,1790
fully,1791
fun,1792
function,1793
functioning,1794
funny,1795
fusion,1796
future,1797
fuzzy,1798
gabapentin,1799
gain,1800
gain back,1801
gain weight,1802
gain weight back,1803
gained,1804
gained back,1805
gained lb,1806
gained pound,1807
gained weight,1808
gained weight back,1809
gaining,1810
gaining weight,1811
gallon,1812
garbage,1813
gas,1814
gastric,1815
gastric bypass,1816
gave,1817
gave prescription,1818
gave sample,1819
gel,1820
general,1821
generally,1822
generic,1823
gentle,1824
get,1825
get acne,1826
get back,1827
get back sleep,1828
get bad,1829
get bed,1830
get better,1831
get breakout,1832
get cystic,1833
get day,1834
get dry,1835
get dry mouth,1836
get full,1837
get good,1838
get headache,1839
get hour,1840
get hour sleep,1841
get hungry,1842
get lb,1843
get little,1844
get medication,1845
get occasional,1846
get pill,1847
get pimple,1848
get really,1849
get rid,1850
get rid acne,1851
get sick,1852
get side,1853
get side effect,1854
get sleep,1855
get used,1856
get weight,1857
get worse,1858
get worse get,1859
getting,1860
getting better,1861
getting hour,1862
getting hour sleep,1863
getting rid,1864
getting sleep,1865
getting used,1866
getting worse,1867
gianvi,1868
girl,1869
give,1870
give another,1871
give energy,1872
give medicine,1873
give shot,1874
give time,1875
give try,1876
given,1877
giving,1878
glad,1879
glass,1880
glass water,1881
glass wine,1882
glipizide,1883
glowing,1884
glucose,1885
glucose level,1886
go,1887
go away,1888
goal,1889
goal get,1890
goal lb,1891
goal lose,1892
goal weight,1893
goal weight lb,1894
god,1895
god send,1896
godsend,1897
going,1898
going away,1899
going back,1900
going bed,1901
going continue,1902
going die,1903
going get,1904
going gym,1905
going keep,1906
going month,1907
going see,1908
going sleep,1909
going start,1910
going stop,1911
going take,1912
going try,1913
going work,1914
gon,1915
gone,1916
gone away,1917
gone day,1918
good,1919
good day,1920
good experience,1921
good hour,1922
good luck,1923
good luck everyone,1924
good news,1925
good night,1926
good night sleep,1927
good result,1928
good side,1929
good side effect,1930
good sleep,1931
good thing,1932
goodness,1933
got,1934
got back,1935
got bad,1936
got better,1937
got much,1938
got pill,1939
got point,1940
got pregnant,1941
got prescribed,1942
got prescription,1943
got really,1944
got rid,1945
got sick,1946
got used,1947
got worse,1948
gotten,1949
gotten better,1950
gotten worse,1951
grade,1952
gradually,1953
granted,1954
grateful,1955
greasy,1956
great,1957
great deal,1958
great experience,1959
great first,1960
great medication,1961
great medicine,1962
great product,1963
great result,1964
great side,1965
great side effect,1966
great skin,1967
great sleep,1968
great thing,1969
greatly,1970
green,1971
grew,1972
grogginess,1973
groggy,1974
groggy morning,1975
gross,1976
group,1977
grow,1978
growing,1979
guess,1980
gum,1981
gut,1982
guy,1983
gym,1984
gym time,1985
gym time week,1986
habit,1987
habit forming,1988
hair,1989
hair loss,1990
half,1991
half day,1992
half dose,1993
half hour,1994
half life,1995
half month,1996
half pack,1997
half pill,1998
half week,1999
half year,2000
hallucination,2001
hand,2002
hand foot,2003
handle,2004
hang,2005
hangover,2006
happen,2007
happened,2008
happening,2009
happens,2010
happier,2011
happy,2012
happy result,2013
happy say,2014
hard,2015
hard get,2016
hard time,2017
harder,2018
hardest,2019
hardly,2020
hardly ever,2021
harsh,2022
hate,2023
hated,2024
hba,2025
head,2026
headache,2027
headache day,2028
headache dry,2029
headache first,2030
headache nausea,2031
headed,2032
heal,2033
healed,2034
healing,2035
health,2036
health insurance,2037
health issue,2038
healthier,2039
healthy,2040
healthy diet,2041
healthy eating,2042
healthy food,2043
healthy weight,2044
hear,2045
heard,2046
heart,2047
heart attack,2048
heart beat,2049
heart palpitation,2050
heart racing,2051
heart rate,2052
heartburn,2053
heat,2054
heaviest,2055
heavily,2056
heavy,2057
heavy drinker,2058
height,2059
hell,2060
hello,2061
help,2062
help acne,2063
help clear,2064
help control,2065
help craving,2066
help fall,2067
help fall asleep,2068
help get,2069
help get sleep,2070
help insomnia,2071
help keep,2072
help lose,2073
help lose weight,2074
help lot,2075
help make,2076
help much,2077
help quit,2078
help quit smoking,2079
help sleep,2080
help stay,2081
help weight,2082
help weight loss,2083
helped,2084
helped acne,2085
helped clear,2086
helped get,2087
helped lose,2088
helped lot,2089
helped much,2090
helped sleep,2091
helped tremendously,2092
helpful,2093
helping,2094
herniated,2095
herniated disc,2096
hesitant,2097
hey,2098
hide,2099
high,2100
high blood,2101
high blood pressure,2102
high fat,2103
high hope,2104
high protein,2105
high school,2106
higher,2107
higher dosage,2108
higher dose,2109
highest,2110
highly,2111
highly recommend,2112
highly recommend anyone,2113
highly recommended,2114
hip,2115
history,2116
hit,2117
hit plateau,2118
hive,2119
hold,2120
holding,2121
holiday,2122
home,2123
honest,2124
honestly,2125
honestly say,2126
hope,2127
hope continues,2128
hope get,2129
hope help,2130
hope lose,2131
hope work,2132
hoped,2133
hopeful,2134
hopefully,2135
hopeless,2136
hoping,2137
hoping get,2138
hoping lose,2139
hormonal,2140
hormonal acne,2141
hormone,2142
horrendous,2143
horrible,2144
horrible acne,2145
horrible cystic,2146
horrible headache,2147
horrible side,2148
horrible side effect,2149
horribly,2150
horrific,2151
horror,2152
horror story,2153
hospital,2154
hot,2155
hot flash,2156
hour,2157
hour bed,2158
hour bedtime,2159
hour day,2160
hour later,2161
hour night,2162
hour sleep,2163
hour sleep night,2164
hour straight,2165
hour take,2166
hour taking,2167
hour time,2168
hour two,2169
hour wake,2170
house,2171
however,2172
however side,2173
however side effect,2174
however still,2175
hr,2176
hr sleep,2177
huge,2178
huge difference,2179
huge improvement,2180
humalog,2181
hundred,2182
hunger,2183
hunger craving,2184
hungover,2185
hungry,2186
hungry eat,2187
hungry time,2188
hurt,2189
hurt bad,2190
hurting,2191
husband,2192
hydrated,2193
hydrocodone,2194
hyper,2195
hyperpigmentation,2196
hypnosis,2197
hypothyroidism,2198
hysterectomy,2199
ibs,2200
ibuprofen,2201
ice,2202
ice cream,2203
idea,2204
ideal,2205
ill,2206
illness,2207
imagine,2208
imitrex,2209
immediate,2210
immediately,2211
immensely,2212
immune,2213
impact,2214
important,2215
impossible,2216
impressed,2217
improve,2218
improved,2219
improvement,2220
improvement skin,2221
improving,2222
inch,2223
include,2224
included,2225
including,2226
increase,2227
increase dosage,2228
increase dose,2229
increased,2230
increased dosage,2231
increased dose,2232
increasing,2233
incredible,2234
incredibly,2235
indigestion,2236
individual,2237
induced,2238
ineffective,2239
infection,2240
inflamed,2241
inflammation,2242
info,2243
information,2244
informed,2245
ingredient,2246
inhaler,2247
initial,2248
initial breakout,2249
initially,2250
inject,2251
injecting,2252
injection,2253
injection site,2254
injury,2255
insane,2256
inside,2257
insomnia,2258
insomnia since,2259
insomnia take,2260
insomnia year,2261
insomniac,2262
instant,2263
instantly,2264
instead,2265
instructed,2266
instruction,2267
insulin,2268
insulin resistance,2269
insurance,2270
insurance company,2271
insurance cover,2272
insurance covered,2273
insurance pay,2274
insurance would,2275
intake,2276
intended,2277
intense,2278
interest,2279
interest food,2280
interested,2281
interesting,2282
invokana,2283
irregular,2284
irritability,2285
irritable,2286
irritate,2287
irritated,2288
irritated skin,2289
irritating,2290
irritation,2291
ish,2292
isotretinoin,2293
issue,2294
itch,2295
itching,2296
itchy,2297
ive,2298
jan,2299
january,2300
janumet,2301
januvia,2302
jardiance,2303
jaw,2304
jaw line,2305
jawline,2306
jean,2307
jitter,2308
jittery,2309
job,2310
joint,2311
joint pain,2312
joke,2313
journey,2314
juice,2315
july,2316
jump,2317
jump start,2318
jumped,2319
june,2320
june lost,2321
junior,2322
junk,2323
junk food,2324
keep,2325
keep asleep,2326
keep going,2327
keep mind,2328
keep posted,2329
keep taking,2330
keep updated,2331
keep weight,2332
keeping,2333
kept,2334
kept taking,2335
key,2336
kg,2337
kick,2338
kicked,2339
kid,2340
kidney,2341
kill,2342
killed,2343
killer,2344
killing,2345
kind,2346
kinda,2347
kitchen,2348
klonopin,2349
knee,2350
knew,2351
knock,2352
knocked,2353
know,2354
know work,2355
know would,2356
knowing,2357
known,2358
lab,2359
lack,2360
lack sleep,2361
lady,2362
laid,2363
lantus,2364
large,2365
larger,2366
last,2367
last cigarette,2368
last couple,2369
last day,2370
last long,2371
last month,2372
last night,2373
last resort,2374
last time,2375
last two,2376
last week,2377
last year,2378
lasted,2379
lasted day,2380
lasted week,2381
lasting,2382
late,2383
late night,2384
lately,2385
later,2386
later acne,2387
later lost,2388
later skin,2389
later still,2390
laxative,2391
lay,2392
layer,2393
laying,2394
lazy,2395
lb,2396
lb already,2397
lb also,2398
lb back,2399
lb day,2400
lb doctor,2401
lb exercise,2402
lb far,2403
lb feel,2404
lb first,2405
lb first month,2406
lb first week,2407
lb goal,2408
lb got,2409
lb happy,2410
lb last,2411
lb lb,2412
lb little,2413
lb lost,2414
lb lost lb,2415
lb month,2416
lb one,2417
lb really,2418
lb side,2419
lb side effect,2420
lb since,2421
lb started,2422
lb starting,2423
lb still,2424
lb taking,2425
lb today,2426
lb total,2427
lb week,2428
lb weigh,2429
lb weighed,2430
lb weight,2431
lb went,2432
lb without,2433
lb year,2434
le,2435
le hungry,2436
le le,2437
le month,2438
le week,2439
lead,2440
leaf,2441
lean,2442
learn,2443
learned,2444
learning,2445
least,2446
least day,2447
least hour,2448
least lb,2449
least month,2450
least time,2451
least week,2452
least year,2453
leave,2454
leave house,2455
leaving,2456
left,2457
left side,2458
leg,2459
let,2460
let know,2461
let say,2462
let tell,2463
lethargic,2464
lethargy,2465
level,2466
levemir,2467
librium,2468
lie,2469
life,2470
life back,2471
life changing,2472
life saver,2473
life style,2474
life tried,2475
lifesaver,2476
lifestyle,2477
lifestyle change,2478
lift,2479
lifting,2480
light,2481
light headed,2482
lighter,2483
lightheaded,2484
like,2485
like baby,2486
like charm,2487
like crap,2488
like crazy,2489
like day,2490
like eating,2491
like everyone,2492
like feeling,2493
like get,2494
like going,2495
like lose,2496
like many,2497
like miracle,2498
like need,2499
like never,2500
like new,2501
like normal,2502
like others,2503
like side,2504
like symptom,2505
like taking,2506
like used,2507
liked,2508
likely,2509
limit,2510
limited,2511
line,2512
lip,2513
lip dry,2514
lip dry skin,2515
liquid,2516
list,2517
listed,2518
listen,2519
literally,2520
little,2521
little better,2522
little bit,2523
little dizzy,2524
little dry,2525
little dry mouth,2526
little exercise,2527
little month,2528
little nausea,2529
little side,2530
little side effect,2531
little tired,2532
little week,2533
live,2534
liver,2535
living,2536
load,2537
local,2538
loestrin,2539
log,2540
lol,2541
long,2542
long enough,2543
long period,2544
long remember,2545
long run,2546
long story,2547
long story short,2548
long take,2549
long term,2550
long term use,2551
long time,2552
long way,2553
longer,2554
longer take,2555
longest,2556
look,2557
look better,2558
look forward,2559
look great,2560
look like,2561
look mirror,2562
looked,2563
looked like,2564
looking,2565
looking forward,2566
loose,2567
loose weight,2568
loosing,2569
loosing weight,2570
lortab,2571
lose,2572
lose another,2573
lose lb,2574
lose least,2575
lose pound,2576
lose weight,2577
losing,2578
losing lb,2579
losing pound,2580
losing weight,2581
loss,2582
loss appetite,2583
loss journey,2584
loss lb,2585
loss medication,2586
loss pound,2587
loss yet,2588
lost,2589
lost 3lbs,2590
lost almost,2591
lost another,2592
lost inch,2593
lost lb,2594
lost lb day,2595
lost lb far,2596
lost lb feel,2597
lost lb first,2598
lost lb month,2599
lost lb side,2600
lost lb since,2601
lost lb started,2602
lost lb week,2603
lost lot,2604
lost much,2605
lost pound,2606
lost pound day,2607
lost pound far,2608
lost pound feel,2609
lost pound first,2610
lost pound month,2611
lost pound side,2612
lost pound started,2613
lost pound week,2614
lost total,2615
lost total lb,2616
lost total pound,2617
lost weight,2618
lot,2619
lot acne,2620
lot better,2621
lot energy,2622
lot le,2623
lot people,2624
lot side,2625
lot side effect,2626
lot water,2627
lot weight,2628
lotion,2629
love,2630
love medication,2631
love medicine,2632
love pill,2633
love product,2634
love stuff,2635
loved,2636
loving,2637
low,2638
low blood,2639
low blood sugar,2640
low calorie,2641
low carb,2642
low carb diet,2643
low dose,2644
low fat,2645
lower,2646
lower back,2647
lower back pain,2648
lower blood,2649
lower blood sugar,2650
lower dose,2651
lowered,2652
lowering,2653
lowest,2654
lowest dose,2655
lozenge,2656
luck,2657
luck everyone,2658
luckily,2659
lucky,2660
lump,2661
lunch,2662
lunch dinner,2663
lunesta,2664
lung,2665
mad,2666
made,2667
made acne,2668
made face,2669
made feel,2670
made nauseous,2671
made sick,2672
made skin,2673
made worse,2674
magic,2675
magic pill,2676
main,2677
mainly,2678
maintain,2679
maintained,2680
maintaining,2681
maintenance,2682
major,2683
major side,2684
major side effect,2685
majority,2686
make,2687
make acne,2688
make better,2689
make change,2690
make difference,2691
make drowsy,2692
make eat,2693
make face,2694
make feel,2695
make nauseous,2696
make sense,2697
make sick,2698
make skin,2699
make sleep,2700
make sleepy,2701
make sure,2702
make sure take,2703
make tired,2704
make want,2705
makeup,2706
making,2707
making sure,2708
male,2709
man,2710
manage,2711
manageable,2712
managed,2713
management,2714
manufacturer,2715
many,2716
many different,2717
many many,2718
many medication,2719
many others,2720
many people,2721
many side,2722
many side effect,2723
many thing,2724
many time,2725
many year,2726
march,2727
march lost,2728
mark,2729
market,2730
married,2731
mask,2732
massive,2733
matter,2734
max,2735
maximum,2736
may,2737
may help,2738
may take,2739
may work,2740
maybe,2741
meal,2742
meal day,2743
mean,2744
meant,2745
meat,2746
med,2747
med week,2748
med work,2749
medical,2750
medication,2751
medication almost,2752
medication also,2753
medication anyone,2754
medication day,2755
medication ever,2756
medication feel,2757
medication first,2758
medication help,2759
medication helped,2760
medication lost,2761
medication made,2762
medication make,2763
medication month,2764
medication really,2765
medication side,2766
medication side effect,2767
medication take,2768
medication two,2769
medication week,2770
medication work,2771
medication worked,2772
medication would,2773
medication year,2774
medicine,2775
medicine day,2776
medicine first,2777
medicine help,2778
medicine helped,2779
medicine make,2780
medicine month,2781
medicine really,2782
medicine side,2783
medicine side effect,2784
medicine take,2785
medicine week,2786
medicine work,2787
medicine worked,2788
medicine year,2789
meet,2790
meeting,2791
melatonin,2792
member,2793
memory,2794
memory loss,2795
menopause,2796
menstrual,2797
mental,2798
mentally,2799
mention,2800
mentioned,2801
mess,2802
messed,2803
met,2804
metabolism,2805
metallic,2806
metallic taste,2807
metformin,2808
metformin day,2809
metformin twice,2810
metformin twice day,2811
method,2812
mg,2813
mid,2814
middle,2815
middle night,2816
middle school,2817
midnight,2818
midrin,2819
might,2820
migraine,2821
migraine headache,2822
mild,2823
mild acne,2824
mild headache,2825
mild moderate,2826
mild moderate acne,2827
mild nausea,2828
mile,2829
mile day,2830
milk,2831
million,2832
min,2833
mind,2834
mine,2835
minimal,2836
minimal side,2837
minimal side effect,2838
minimum,2839
minocycline,2840
minor,2841
minor side,2842
minor side effect,2843
minute,2844
minute day,2845
minute later,2846
minute taking,2847
miracle,2848
miracle drug,2849
miracle pill,2850
mirror,2851
mirtazapine,2852
miserable,2853
miss,2854
missed,2855
missing,2856
mistake,2857
mix,2858
mixed,2859
mo,2860
moderate,2861
moderate acne,2862
moderate severe,2863
moderate severe acne,2864
moderately,2865
moisturiser,2866
moisturize,2867
moisturizer,2868
moisturizing,2869
mom,2870
moment,2871
monday,2872
money,2873
monitor,2874
monodox,2875
month,2876
month accutane,2877
month acne,2878
month ago,2879
month ago lost,2880
month ago started,2881
month already,2882
month also,2883
month back,2884
month completely,2885
month could,2886
month course,2887
month day,2888
month doctor,2889
month even,2890
month face,2891
month feel,2892
month first,2893
month first month,2894
month gained,2895
month get,2896
month going,2897
month got,2898
month great,2899
month half,2900
month happy,2901
month kept,2902
month last,2903
month later,2904
month lb,2905
month lose,2906
month lost,2907
month lost lb,2908
month lost pound,2909
month love,2910
month made,2911
month mark,2912
month medication,2913
month month,2914
month never,2915
month noticed,2916
month period,2917
month pill,2918
month pound,2919
month really,2920
month result,2921
month saw,2922
month see,2923
month side,2924
month side effect,2925
month since,2926
month skin,2927
month smoke,2928
month smoke free,2929
month start,2930
month started,2931
month starting,2932
month still,2933
month stopped,2934
month supply,2935
month take,2936
month taking,2937
month time,2938
month took,2939
month treatment,2940
month tried,2941
month two,2942
month use,2943
month using,2944
month week,2945
month weight,2946
month went,2947
month without,2948
month work,2949
month worked,2950
month would,2951
month year,2952
monthly,2953
mood,2954
mood swing,2955
moody,2956
morning,2957
morning blood,2958
morning day,2959
morning evening,2960
morning night,2961
morning one,2962
mostly,2963
mother,2964
motion,2965
motivated,2966
motivation,2967
mouth,2968
mouth constipation,2969
mouth drink,2970
mouth side,2971
move,2972
moved,2973
movement,2974
moving,2975
mths,2976
much,2977
much appetite,2978
much better,2979
much easier,2980
much eat,2981
much energy,2982
much le,2983
much longer,2984
much lost,2985
much much,2986
much time,2987
much weight,2988
much worse,2989
multiple,2990
muscle,2991
muscle ache,2992
muscle pain,2993
muscle spasm,2994
must,2995
must say,2996
naltrexone,2997
name,2998
nap,2999
naproxen,3000
narcotic,3001
nasty,3002
natural,3003
naturally,3004
nausea,3005
nausea bad,3006
nausea constipation,3007
nausea day,3008
nausea diarrhea,3009
nausea dizziness,3010
nausea first,3011
nausea first day,3012
nausea headache,3013
nausea stomach,3014
nausea vomiting,3015
nauseated,3016
nauseous,3017
near,3018
nearly,3019
nearly year,3020
necessary,3021
neck,3022
need,3023
need eat,3024
need get,3025
need help,3026
need lose,3027
need take,3028
needed,3029
needing,3030
needle,3031
needle say,3032
negative,3033
negative side,3034
negative side effect,3035
neither,3036
nerve,3037
nervous,3038
neurologist,3039
neutrogena,3040
never,3041
never able,3042
never acne,3043
never bad,3044
never ever,3045
never experienced,3046
never felt,3047
never get,3048
never got,3049
never hungry,3050
never looked,3051
never problem,3052
never really,3053
never seen,3054
never side,3055
never side effect,3056
never take,3057
never thought,3058
never thought would,3059
never went,3060
new,3061
new acne,3062
new breakout,3063
new doctor,3064
new one,3065
new pimple,3066
news,3067
next,3068
next day,3069
next month,3070
next morning,3071
next night,3072
next week,3073
nice,3074
nicotine,3075
night,3076
night also,3077
night bed,3078
night day,3079
night fall,3080
night feel,3081
night first,3082
night get,3083
night really,3084
night rest,3085
night sleep,3086
night slept,3087
night started,3088
night still,3089
night take,3090
night taking,3091
night terror,3092
night time,3093
night took,3094
night tried,3095
night use,3096
night wake,3097
night week,3098
night without,3099
night woke,3100
night work,3101
night would,3102
nightly,3103
nightmare,3104
nine,3105
nodule,3106
non,3107
non smoker,3108
non stop,3109
none,3110
none worked,3111
noon,3112
norco,3113
normal,3114
normal range,3115
normally,3116
normally would,3117
nose,3118
nose bleeds,3119
note,3120
noted,3121
nothing,3122
nothing bad,3123
nothing compared,3124
nothing else,3125
nothing ever,3126
nothing handle,3127
nothing help,3128
nothing helped,3129
nothing like,3130
nothing major,3131
nothing really,3132
nothing seemed,3133
nothing work,3134
nothing worked,3135
nothing working,3136
nothing would,3137
notice,3138
notice difference,3139
noticeable,3140
noticeable side,3141
noticeable side effect,3142
noticed,3143
noticed change,3144
noticed difference,3145
noticed huge,3146
noticed side,3147
noticed weight,3148
noticing,3149
nov,3150
november,3151
novolog,3152
nowhere,3153
numb,3154
number,3155
numbness,3156
numerous,3157
nurse,3158
nut,3159
nuvigil,3160
obese,3161
obesity,3162
obviously,3163
occasion,3164
occasional,3165
occasional pimple,3166
occasionally,3167
occasionally get,3168
occur,3169
oct,3170
october,3171
odd,3172
offer,3173
offered,3174
office,3175
officially,3176
often,3177
oil,3178
oil free,3179
oily,3180
oily skin,3181
ointment,3182
okay,3183
old,3184
old acne,3185
old female,3186
old female started,3187
old male,3188
old started,3189
old woman,3190
older,3191
omg,3192
one,3193
one best,3194
one day,3195
one hour,3196
one month,3197
one morning,3198
one night,3199
one pill,3200
one pill day,3201
one pill morning,3202
one pimple,3203
one point,3204
one side,3205
one side effect,3206
one tablet,3207
one thing,3208
one time,3209
one two,3210
one week,3211
one work,3212
one would,3213
one year,3214
onexton,3215
online,3216
onset,3217
onto,3218
open,3219
opinion,3220
opposite,3221
optimistic,3222
option,3223
oral,3224
oral antibiotic,3225
order,3226
ordered,3227
original,3228
originally,3229
orlistat,3230
ortho,3231
ortho tri,3232
ortho tri cyclen,3233
otc,3234
others,3235
otherwise,3236
out,3237
outbreak,3238
outside,3239
outweigh,3240
ovarian,3241
overall,3242
overcome,3243
overeat,3244
overeating,3245
overly,3246
overnight,3247
overweight,3248
pack,3249
pack cigarette,3250
pack day,3251
pack day smoker,3252
pack day year,3253
pack half,3254
pack per,3255
pack per day,3256
packet,3257
paid,3258
pain,3259
pain away,3260
pain back,3261
pain gone,3262
pain medication,3263
pain medicine,3264
pain relief,3265
painful,3266
painful cyst,3267
painful cystic,3268
pal,3269
palpitation,3270
pancreatitis,3271
panic,3272
panic attack,3273
pant,3274
part,3275
particular,3276
particularly,3277
pas,3278
pass,3279
passed,3280
passing,3281
past,3282
past day,3283
past month,3284
past two,3285
past week,3286
past year,3287
pasta,3288
patch,3289
patch gum,3290
patience,3291
patient,3292
pattern,3293
pay,3294
paying,3295
pcos,3296
pcp,3297
pd,3298
pea,3299
pea size,3300
pea sized,3301
pee,3302
peel,3303
peeled,3304
peeling,3305
pen,3306
penny,3307
people,3308
people say,3309
people saying,3310
per,3311
per day,3312
per month,3313
per night,3314
per week,3315
perfect,3316
perfect skin,3317
perfectly,3318
perhaps,3319
period,3320
period time,3321
permanent,3322
peroxide,3323
persistent,3324
person,3325
personal,3326
personality,3327
personally,3328
pharmacist,3329
pharmacy,3330
phase,3331
phen,3332
phentermine,3333
phentermine day,3334
phentermine month,3335
phone,3336
physical,3337
physically,3338
physician,3339
pick,3340
picked,3341
picture,3342
piece,3343
pigmentation,3344
pill,3345
pill acne,3346
pill also,3347
pill day,3348
pill ever,3349
pill every,3350
pill far,3351
pill first,3352
pill half,3353
pill help,3354
pill lost,3355
pill made,3356
pill make,3357
pill month,3358
pill morning,3359
pill night,3360
pill one,3361
pill per,3362
pill per day,3363
pill really,3364
pill still,3365
pill take,3366
pill tried,3367
pill week,3368
pill work,3369
pill would,3370
pill year,3371
pillow,3372
pimple,3373
pimple around,3374
pimple cheek,3375
pimple face,3376
pizza,3377
place,3378
placebo,3379
plain,3380
plan,3381
planning,3382
plate,3383
plateau,3384
plateaued,3385
play,3386
pleasant,3387
please,3388
pleased,3389
pleased result,3390
plenty,3391
plenty water,3392
plus,3393
pm,3394
pocket,3395
point,3396
poison,3397
polycystic,3398
poor,3399
pop,3400
popping,3401
pore,3402
portion,3403
portion control,3404
portion size,3405
positive,3406
positive result,3407
possible,3408
possible side,3409
possible side effect,3410
possibly,3411
post,3412
posted,3413
posting,3414
potential,3415
pound,3416
pound already,3417
pound day,3418
pound far,3419
pound feel,3420
pound first,3421
pound first week,3422
pound last,3423
pound lost,3424
pound month,3425
pound one,3426
pound pound,3427
pound side,3428
pound side effect,3429
pound since,3430
pound started,3431
pound today,3432
pound week,3433
pound weight,3434
pound weight loss,3435
pound year,3436
pounding,3437
power,3438
powerful,3439
practically,3440
pray,3441
praying,3442
pre,3443
pre diabetic,3444
prefer,3445
pregnancy,3446
pregnant,3447
prepared,3448
prescribe,3449
prescribed,3450
prescribed accutane,3451
prescribed aczone,3452
prescribed ambien,3453
prescribed doctor,3454
prescribed duac,3455
prescribed epiduo,3456
prescribed fioricet,3457
prescribed medication,3458
prescribed medicine,3459
prescribed month,3460
prescribed phentermine,3461
prescribing,3462
prescription,3463
present,3464
pressure,3465
pretty,3466
pretty bad,3467
pretty good,3468
pretty much,3469
pretty well,3470
prevent,3471
prevents,3472
previous,3473
previously,3474
price,3475
price pay,3476
pricey,3477
primary,3478
prior,3479
prior taking,3480
pro,3481
proactiv,3482
proactive,3483
probably,3484
problem,3485
problem acne,3486
problem falling,3487
problem falling asleep,3488
problem sleeping,3489
process,3490
produce,3491
product,3492
product work,3493
productive,3494
program,3495
progress,3496
progressively,3497
promise,3498
promised,3499
prone,3500
proper,3501
properly,3502
protein,3503
protein shake,3504
proud,3505
provided,3506
psych,3507
psychiatrist,3508
psychological,3509
puberty,3510
public,3511
puff,3512
pulled,3513
pump,3514
purchased,3515
purge,3516
purging,3517
purpose,3518
push,3519
pushed,3520
pushing,3521
put,3522
put back,3523
put sleep,3524
putting,3525
qsymia,3526
quality,3527
quality life,3528
queasy,3529
question,3530
quetiapine,3531
quick,3532
quick fix,3533
quicker,3534
quickly,3535
quit,3536
quit chantix,3537
quit cold,3538
quit cold turkey,3539
quit date,3540
quit day,3541
quit drinking,3542
quit smoking,3543
quit taking,3544
quit using,3545
quit year,3546
quite,3547
quite bit,3548
quitting,3549
quitting smoking,3550
qysmia,3551
race,3552
racing,3553
raised,3554
ran,3555
random,3556
range,3557
rapid,3558
rapidly,3559
rare,3560
rarely,3561
rash,3562
rate,3563
rated,3564
rather,3565
rating,3566
raw,3567
reach,3568
reach goal,3569
reached,3570
react,3571
reaction,3572
read,3573
read lot,3574
read many,3575
read review,3576
read side,3577
read side effect,3578
reading,3579
reading review,3580
ready,3581
ready quit,3582
real,3583
real side,3584
real side effect,3585
realize,3586
realized,3587
really,3588
really bad,3589
really bad acne,3590
really dry,3591
really feel,3592
really good,3593
really great,3594
really happy,3595
really hard,3596
really help,3597
really helped,3598
really hope,3599
really hungry,3600
really like,3601
really make,3602
really need,3603
really noticed,3604
really really,3605
really think,3606
really want,3607
really want quit,3608
really wanted,3609
really well,3610
really work,3611
really worked,3612
reason,3613
rebound,3614
recall,3615
receive,3616
received,3617
recent,3618
recently,3619
recently started,3620
recommend,3621
recommend anyone,3622
recommend drug,3623
recommend everyone,3624
recommend medication,3625
recommend medicine,3626
recommend pill,3627
recommend product,3628
recommend taking,3629
recommend trying,3630
recommended,3631
recovery,3632
red,3633
red itchy,3634
red mark,3635
red spot,3636
redness,3637
reduce,3638
reduced,3639
reduces,3640
reducing,3641
reduction,3642
referred,3643
refill,3644
reflux,3645
refreshed,3646
refuse,3647
regarding,3648
regime,3649
regimen,3650
regret,3651
regular,3652
regularly,3653
regulate,3654
rehab,3655
relapse,3656
relapsed,3657
related,3658
relationship,3659
relatively,3660
relax,3661
relaxed,3662
release,3663
released,3664
relief,3665
relieve,3666
relieved,3667
remain,3668
remained,3669
remedy,3670
remember,3671
remembering,3672
remeron,3673
remind,3674
remind eat,3675
remove,3676
removed,3677
replaced,3678
replacement,3679
report,3680
reported,3681
required,3682
requires,3683
research,3684
researched,3685
resistance,3686
resolved,3687
resort,3688
response,3689
rest,3690
rest life,3691
rest night,3692
rested,3693
restful,3694
restful sleep,3695
restless,3696
restless leg,3697
restoril,3698
result,3699
result amazing,3700
result far,3701
result first,3702
result month,3703
result side,3704
result side effect,3705
retin,3706
return,3707
returned,3708
returning,3709
review,3710
review people,3711
reviewer,3712
rid,3713
rid acne,3714
ride,3715
right,3716
right away,3717
right back,3718
right back sleep,3719
right bed,3720
risk,3721
roaccutane,3722
road,3723
roof,3724
room,3725
rough,3726
roughly,3727
round,3728
routine,3729
row,3730
rozerem,3731
ruined,3732
run,3733
running,3734
sad,3735
sadly,3736
safe,3737
said,3738
said take,3739
said would,3740
salad,3741
salicylic,3742
sample,3743
sat,3744
satisfied,3745
saturday,3746
save,3747
saved,3748
saved life,3749
saver,3750
saving,3751
saving card,3752
saw,3753
saw result,3754
saxenda,3755
saxenda month,3756
saxenda week,3757
say,3758
say work,3759
saying,3760
scale,3761
scale program,3762
scar,3763
scare,3764
scared,3765
scarring,3766
scary,3767
schedule,3768
school,3769
sciatica,3770
script,3771
scrub,3772
second,3773
second day,3774
second dose,3775
second month,3776
second night,3777
second pill,3778
second time,3779
second week,3780
sedated,3781
see,3782
see change,3783
see dermatologist,3784
see difference,3785
see doctor,3786
see go,3787
see happens,3788
see help,3789
see improvement,3790
see much,3791
see result,3792
see weight,3793
see work,3794
see would,3795
seeing,3796
seeing result,3797
seem,3798
seemed,3799
seemed help,3800
seemed like,3801
seemed work,3802
seems,3803
seems help,3804
seems like,3805
seems work,3806
seems working,3807
seen,3808
seen improvement,3809
seizure,3810
self,3811
self confidence,3812
self conscious,3813
self esteem,3814
send,3815
senior,3816
sensation,3817
sense,3818
sensitive,3819
sensitive skin,3820
sensitivity,3821
sent,3822
sept,3823
september,3824
serious,3825
serious side,3826
serious side effect,3827
seriously,3828
seroquel,3829
set,3830
settle,3831
seven,3832
several,3833
several day,3834
several hour,3835
several month,3836
several time,3837
several week,3838
several year,3839
severe,3840
severe acne,3841
severe cystic,3842
severe cystic acne,3843
severe depression,3844
severe dry,3845
severe headache,3846
severe insomnia,3847
severe nausea,3848
severe pain,3849
severe side,3850
severe side effect,3851
severely,3852
severity,3853
sex,3854
sex drive,3855
sexual,3856
shake,3857
shaking,3858
shaky,3859
shall,3860
shape,3861
share,3862
share experience,3863
shed,3864
shift,3865
shirt,3866
shocked,3867
short,3868
short period,3869
short period time,3870
short term,3871
short time,3872
shortly,3873
shortness,3874
shortness breath,3875
shot,3876
shoulder,3877
show,3878
showed,3879
shower,3880
showing,3881
shut,3882
sick,3883
sick stomach,3884
sickness,3885
side,3886
side affect,3887
side effect,3888
side effect also,3889
side effect away,3890
side effect bad,3891
side effect constipation,3892
side effect day,3893
side effect drug,3894
side effect dry,3895
side effect except,3896
side effect experienced,3897
side effect far,3898
side effect feel,3899
side effect feeling,3900
side effect first,3901
side effect get,3902
side effect gone,3903
side effect headache,3904
side effect horrible,3905
side effect however,3906
side effect like,3907
side effect little,3908
side effect lost,3909
side effect medication,3910
side effect medicine,3911
side effect mild,3912
side effect minimal,3913
side effect much,3914
side effect nausea,3915
side effect noticed,3916
side effect people,3917
side effect really,3918
side effect severe,3919
side effect slight,3920
side effect started,3921
side effect still,3922
side effect take,3923
side effect taking,3924
side effect took,3925
side effect week,3926
side effect weight,3927
side effect went,3928
side effect whatsoever,3929
side effect worth,3930
side effect would,3931
side effect yet,3932
sight,3933
sign,3934
significant,3935
significantly,3936
silenor,3937
similar,3938
simple,3939
simply,3940
since,3941
since age,3942
since beginning,3943
since day,3944
since first,3945
since grade,3946
since last,3947
since lost,3948
since month,3949
since started,3950
since started taking,3951
since starting,3952
since stopped,3953
since taking,3954
since tried,3955
since using,3956
since year,3957
since year old,3958
single,3959
sinus,3960
sister,3961
sit,3962
site,3963
sitting,3964
situation,3965
six,3966
six month,3967
six week,3968
size,3969
size size,3970
sized,3971
skeptical,3972
skin,3973
skin acne,3974
skin almost,3975
skin also,3976
skin bad,3977
skin became,3978
skin become,3979
skin broke,3980
skin burn,3981
skin clear,3982
skin cleared,3983
skin clearing,3984
skin completely,3985
skin completely clear,3986
skin dry,3987
skin even,3988
skin face,3989
skin feel,3990
skin first,3991
skin flawless,3992
skin get,3993
skin getting,3994
skin got,3995
skin lip,3996
skin look,3997
skin looked,3998
skin looking,3999
skin much,4000
skin never,4001
skin peeling,4002
skin perfect,4003
skin really,4004
skin red,4005
skin sensitive,4006
skin skin,4007
skin smooth,4008
skin started,4009
skin still,4010
skin type,4011
skin worse,4012
skin would,4013
skin year,4014
skip,4015
sleep,4016
sleep aid,4017
sleep also,4018
sleep better,4019
sleep day,4020
sleep every,4021
sleep feel,4022
sleep first,4023
sleep good,4024
sleep great,4025
sleep hour,4026
sleep hour night,4027
sleep hr,4028
sleep issue,4029
sleep like,4030
sleep like baby,4031
sleep med,4032
sleep medication,4033
sleep medicine,4034
sleep much,4035
sleep night,4036
sleep problem,4037
sleep side,4038
sleep side effect,4039
sleep sleep,4040
sleep stay,4041
sleep take,4042
sleep taking,4043
sleep time,4044
sleep tried,4045
sleep wake,4046
sleep walking,4047
sleep well,4048
sleep within,4049
sleep without,4050
sleep would,4051
sleeper,4052
sleepiness,4053
sleeping,4054
sleeping better,4055
sleeping hour,4056
sleeping night,4057
sleeping pill,4058
sleeping problem,4059
sleepless,4060
sleepless night,4061
sleeplessness,4062
sleepwalking,4063
sleepy,4064
slept,4065
slept hour,4066
slept like,4067
slept night,4068
slept well,4069
slice,4070
slight,4071
slight headache,4072
slight nausea,4073
slightly,4074
slow,4075
slow steady,4076
slowed,4077
slower,4078
slowly,4079
sluggish,4080
small,4081
small amount,4082
small bump,4083
small meal,4084
small pimple,4085
small portion,4086
smaller,4087
smaller portion,4088
smart,4089
smell,4090
smoke,4091
smoke cigarette,4092
smoke free,4093
smoke free day,4094
smoke free month,4095
smoke free year,4096
smoked,4097
smoked cigarette,4098
smoked pack,4099
smoked pack day,4100
smoked since,4101
smoked year,4102
smoker,4103
smoker year,4104
smoking,4105
smoking cigarette,4106
smoking day,4107
smoking pack,4108
smoking pack day,4109
smoking since,4110
smoking year,4111
smooth,4112
smoother,4113
snack,4114
snacking,4115
soap,4116
sober,4117
sobriety,4118
social,4119
soda,4120
soft,4121
softener,4122
solid,4123
solid hour,4124
solodyn,4125
solution,4126
solved,4127
someone,4128
something,4129
something else,4130
something help,4131
something like,4132
something work,4133
something would,4134
sometimes,4135
sometimes get,4136
somewhat,4137
somewhere,4138
son,4139
sonata,4140
soon,4141
sooner,4142
sore,4143
sore throat,4144
sorry,4145
sort,4146
sound,4147
soundly,4148
sparingly,4149
spasm,4150
speak,4151
specialist,4152
speed,4153
spell,4154
spend,4155
spending,4156
spent,4157
spf,4158
spike,4159
spinal,4160
spine,4161
spiro,4162
spironolactone,4163
split,4164
spoke,4165
sport,4166
spot,4167
spot treatment,4168
spotting,4169
spread,4170
sprintec,4171
stable,4172
stage,4173
stair,4174
stand,4175
star,4176
stared,4177
start,4178
start taking,4179
start using,4180
start weight,4181
start working,4182
started,4183
started accutane,4184
started adipex,4185
started back,4186
started belviq,4187
started breaking,4188
started chantix,4189
started clear,4190
started clearing,4191
started contrave,4192
started day,4193
started day ago,4194
started dose,4195
started drinking,4196
started drug,4197
started exercising,4198
started feel,4199
started feeling,4200
started first,4201
started get,4202
started getting,4203
started going,4204
started last,4205
started lb,4206
started lb lb,4207
started lost,4208
started med,4209
started medication,4210
started medicine,4211
started month,4212
started noticing,4213
started phentermine,4214
started pill,4215
started pound,4216
started qsymia,4217
started saxenda,4218
started seeing,4219
started smoking,4220
started take,4221
started taking,4222
started taking adipex,4223
started taking belviq,4224
started taking chantix,4225
started taking contrave,4226
started taking medication,4227
started taking medicine,4228
started taking phentermine,4229
started taking pill,4230
started taking victoza,4231
started today,4232
started trulicity,4233
started using,4234
started using epiduo,4235
started victoza,4236
started week,4237
started week ago,4238
started weight,4239
started working,4240
starter,4241
starting,4242
starting contrave,4243
starting feel,4244
starting get,4245
starting medication,4246
starting week,4247
starting weight,4248
starting weight lb,4249
starting weight today,4250
starving,4251
state,4252
stated,4253
stay,4254
stay asleep,4255
stay awake,4256
stay away,4257
stayed,4258
staying,4259
staying asleep,4260
steadily,4261
steady,4262
step,4263
steroid,4264
stick,4265
sticking,4266
still,4267
still acne,4268
still breaking,4269
still craving,4270
still eat,4271
still eating,4272
still feel,4273
still get,4274
still get pimple,4275
still getting,4276
still hungry,4277
still losing,4278
still need,4279
still sleep,4280
still smoking,4281
still take,4282
still taking,4283
still use,4284
still using,4285
still wake,4286
still work,4287
sting,4288
stinging,4289
stomach,4290
stomach ache,4291
stomach cramp,4292
stomach issue,4293
stomach pain,4294
stomach problem,4295
stomach upset,4296
stone,4297
stool,4298
stool softener,4299
stop,4300
stop drinking,4301
stop eating,4302
stop smoking,4303
stop taking,4304
stop using,4305
stop working,4306
stopped,4307
stopped drinking,4308
stopped smoking,4309
stopped taking,4310
stopped taking pill,4311
stopped using,4312
stopped working,4313
stopping,4314
store,4315
story,4316
story short,4317
straight,4318
strange,4319
strange dream,4320
strength,4321
stress,4322
stressed,4323
stressful,4324
strict,4325
strict diet,4326
stroke,4327
strong,4328
stronger,4329
strongly,4330
struggle,4331
struggled,4332
struggled acne,4333
struggled weight,4334
struggling,4335
struggling acne,4336
stubborn,4337
stuck,4338
student,4339
study,4340
stuff,4341
stuff amazing,4342
stuff work,4343
stupid,4344
style,4345
subside,4346
subsided,4347
subsides,4348
success,4349
successful,4350
successfully,4351
suck,4352
sudden,4353
suddenly,4354
suffer,4355
suffered,4356
suffered acne,4357
suffered insomnia,4358
suffering,4359
suffering acne,4360
sugar,4361
sugar control,4362
sugar craving,4363
sugar dropped,4364
sugar great,4365
sugar level,4366
sugar number,4367
sugar reading,4368
sugar went,4369
sugary,4370
suggest,4371
suggested,4372
suggestion,4373
suicidal,4374
suicidal thought,4375
sulfur,4376
summer,4377
sun,4378
sunburn,4379
sunday,4380
sunscreen,4381
super,4382
supplement,4383
supply,4384
support,4385
suppose,4386
supposed,4387
suppress,4388
suppress appetite,4389
suppressant,4390
suppressed,4391
suppressed appetite,4392
suppresses,4393
suppresses appetite,4394
suppression,4395
sure,4396
sure drink,4397
sure eat,4398
sure get,4399
sure take,4400
surely,4401
surface,4402
surgery,4403
surprise,4404
surprised,4405
surprisingly,4406
swear,4407
sweat,4408
sweating,4409
sweet,4410
swell,4411
swelling,4412
swing,4413
switch,4414
switched,4415
switching,4416
swollen,4417
symptom,4418
syndrome,4419
system,4420
tab,4421
tablet,4422
tablet day,4423
take,4424
take ambien,4425
take another,4426
take anymore,4427
take away,4428
take care,4429
take daily,4430
take day,4431
take dose,4432
take drug,4433
take edge,4434
take empty,4435
take empty stomach,4436
take every,4437
take every night,4438
take food,4439
take get,4440
take half,4441
take half pill,4442
take hour,4443
take little,4444
take long,4445
take med,4446
take medication,4447
take medicine,4448
take metformin,4449
take minute,4450
take month,4451
take morning,4452
take much,4453
take night,4454
take one,4455
take one pill,4456
take pain,4457
take pill,4458
take second,4459
take shot,4460
take tablet,4461
take time,4462
take twice,4463
take twice day,4464
take two,4465
take week,4466
take work,4467
taken,4468
taken ambien,4469
taken medication,4470
taken pill,4471
taking,4472
taking accutane,4473
taking adipex,4474
taking ambien,4475
taking ambien year,4476
taking belviq,4477
taking birth,4478
taking birth control,4479
taking campral,4480
taking chantix,4481
taking contrave,4482
taking contrave week,4483
taking day,4484
taking drug,4485
taking every,4486
taking first,4487
taking half,4488
taking half pill,4489
taking invokana,4490
taking lunesta,4491
taking med,4492
taking medication,4493
taking medicine,4494
taking metformin,4495
taking month,4496
taking morning,4497
taking night,4498
taking one,4499
taking one pill,4500
taking phentermine,4501
taking pill,4502
taking pill day,4503
taking qsymia,4504
taking saxenda,4505
taking tablet,4506
taking time,4507
taking trazodone,4508
taking trulicity,4509
taking two,4510
taking victoza,4511
taking week,4512
taking yaz,4513
taking year,4514
talk,4515
talk doctor,4516
talked,4517
talked doctor,4518
talking,4519
tall,4520
taper,4521
tapered,4522
tapering,4523
target,4524
taste,4525
taste good,4526
taste like,4527
taste mouth,4528
tasted,4529
tasting,4530
tazorac,4531
tea,4532
tear,4533
teen,4534
teen year,4535
teenage,4536
teenager,4537
teeth,4538
tell,4539
telling,4540
temazepam,4541
temporary,4542
ten,4543
ten pound,4544
ten year,4545
tend,4546
tender,4547
tenderness,4548
tension,4549
tension headache,4550
tenuate,4551
term,4552
term use,4553
terrible,4554
terrible acne,4555
terrible side,4556
terrible side effect,4557
terribly,4558
terrified,4559
terror,4560
test,4561
tested,4562
testing,4563
tetracycline,4564
texture,4565
thank,4566
thank chantix,4567
thank god,4568
thankful,4569
thankfully,4570
thanks,4571
thanks chantix,4572
thanksgiving,4573
thats,4574
therapy,4575
therefore,4576
thick,4577
thigh,4578
thin,4579
thin layer,4580
thing,4581
thing ever,4582
thing help,4583
thing helped,4584
thing like,4585
thing morning,4586
thing noticed,4587
thing remember,4588
thing say,4589
thing work,4590
thing worked,4591
think,4592
think could,4593
think food,4594
think going,4595
think would,4596
thinking,4597
thinking food,4598
thinner,4599
third,4600
third day,4601
third month,4602
third week,4603
thirst,4604
thirsty,4605
thirty,4606
tho,4607
though,4608
thought,4609
thought could,4610
thought going,4611
thought would,4612
three,4613
three day,4614
three month,4615
three time,4616
three week,4617
three week ago,4618
three year,4619
threw,4620
thrilled,4621
throat,4622
throughout,4623
throughout day,4624
throughout night,4625
throw,4626
throwing,4627
thru,4628
thumb,4629
thursday,4630
thus,4631
thus far,4632
thyroid,4633
tight,4634
til,4635
till,4636
time,4637
time also,4638
time around,4639
time day,4640
time doctor,4641
time ever,4642
time feel,4643
time felt,4644
time first,4645
time get,4646
time getting,4647
time got,4648
time last,4649
time life,4650
time lost,4651
time make,4652
time month,4653
time never,4654
time night,4655
time per,4656
time per week,4657
time quit,4658
time really,4659
time side,4660
time side effect,4661
time since,4662
time sleep,4663
time started,4664
time still,4665
time take,4666
time taking,4667
time time,4668
time took,4669
time tried,4670
time used,4671
time using,4672
time week,4673
time went,4674
time work,4675
time worse,4676
time would,4677
time year,4678
tingling,4679
tingly,4680
tiny,4681
tip,4682
tired,4683
tired time,4684
tiredness,4685
tobacco,4686
today,4687
today day,4688
today first,4689
today first day,4690
today lb,4691
today lost,4692
today lost lb,4693
today pound,4694
today weigh,4695
today weighed,4696
toe,4697
together,4698
toilet,4699
told,4700
told doctor,4701
told take,4702
told try,4703
told would,4704
tolerable,4705
tolerance,4706
tolerate,4707
tomorrow,4708
ton,4709
ton energy,4710
ton water,4711
tone,4712
tongue,4713
tonight,4714
took,4715
took accutane,4716
took ambien,4717
took away,4718
took chantix,4719
took contrave,4720
took day,4721
took dose,4722
took first,4723
took first dose,4724
took first pill,4725
took half,4726
took medication,4727
took medicine,4728
took month,4729
took one,4730
took pill,4731
took time,4732
took two,4733
took week,4734
took year,4735
tool,4736
top,4737
topamax,4738
topical,4739
topical cream,4740
topicals,4741
topiramate,4742
tossing,4743
tossing turning,4744
total,4745
total lb,4746
total pound,4747
totally,4748
totally clear,4749
totally worth,4750
touch,4751
touched,4752
tough,4753
toward,4754
towards,4755
towards end,4756
towel,4757
track,4758
trade,4759
trainer,4760
training,4761
tramadol,4762
travel,4763
trazadone,4764
trazodone,4765
treadmill,4766
treat,4767
treat acne,4768
treated,4769
treating,4770
treatment,4771
treatment acne,4772
tremendously,4773
tresiba,4774
tretinoin,4775
tretinoin cream,4776
tri,4777
tri cyclen,4778
tri sprintec,4779
trial,4780
trick,4781
tried,4782
tried almost,4783
tried ambien,4784
tried chantix,4785
tried different,4786
tried every,4787
tried everything,4788
tried everything nothing,4789
tried lot,4790
tried many,4791
tried many different,4792
tried many thing,4793
tried patch,4794
tried quit,4795
tried several,4796
tried taking,4797
trigger,4798
trinessa,4799
trip,4800
trouble,4801
trouble falling,4802
trouble falling asleep,4803
trouble sleeping,4804
true,4805
trulicity,4806
trulicity month,4807
truly,4808
trust,4809
try,4810
try chantix,4811
try eat,4812
try get,4813
try something,4814
try stay,4815
trying,4816
trying eat,4817
trying get,4818
trying lose,4819
trying lose weight,4820
trying quit,4821
tube,4822
tuesday,4823
tummy,4824
turkey,4825
turn,4826
turned,4827
turning,4828
twenty,4829
twice,4830
twice daily,4831
twice day,4832
twice week,4833
two,4834
two day,4835
two day ago,4836
two hour,4837
two month,4838
two month ago,4839
two night,4840
two pill,4841
two three,4842
two time,4843
two week,4844
two week ago,4845
two week lost,4846
two year,4847
two year ago,4848
tylenol,4849
type,4850
type diabetes,4851
type diabetic,4852
typical,4853
typically,4854
ugly,4855
unable,4856
unbearable,4857
unbelievable,4858
uncomfortable,4859
uncontrollable,4860
understand,4861
unfortunately,4862
unhealthy,4863
unisom,4864
unit,4865
unless,4866
unlike,4867
unpleasant,4868
unsure,4869
unusual,4870
update,4871
update month,4872
update week,4873
updated,4874
upon,4875
upped,4876
upped dose,4877
upper,4878
ups,4879
upset,4880
upset stomach,4881
urge,4882
urge eat,4883
urge smoke,4884
urinate,4885
urination,4886
urine,4887
us,4888
usage,4889
use,4890
use cetaphil,4891
use day,4892
use epiduo,4893
use every,4894
use every night,4895
use morning,4896
use night,4897
use product,4898
used,4899
used chantix,4900
used get,4901
used medication,4902
used medicine,4903
used month,4904
used product,4905
used take,4906
used week,4907
used year,4908
useless,4909
user,4910
using,4911
using chantix,4912
using cream,4913
using day,4914
using differin,4915
using drug,4916
using duac,4917
using epiduo,4918
using every,4919
using medication,4920
using medicine,4921
using month,4922
using product,4923
using retin,4924
using skin,4925
using victoza,4926
using week,4927
using year,4928
usual,4929
usually,4930
usually get,4931
usually take,4932
vacation,4933
valium,4934
various,4935
vegetable,4936
veggie,4937
vengeance,4938
version,4939
vertigo,4940
vicodin,4941
victoza,4942
victoza day,4943
victoza month,4944
victoza since,4945
victoza week,4946
victoza week ago,4947
virtually,4948
visible,4949
vision,4950
visit,4951
visited,4952
vitamin,4953
vivid,4954
vivid dream,4955
vodka,4956
vomit,4957
vomited,4958
vomiting,4959
vomiting diarrhea,4960
waist,4961
wait,4962
wait see,4963
waited,4964
waiting,4965
wake,4966
wake every,4967
wake feeling,4968
wake hour,4969
wake middle,4970
wake middle night,4971
wake morning,4972
wake night,4973
wake refreshed,4974
waking,4975
walk,4976
walk mile,4977
walked,4978
walking,4979
wall,4980
want,4981
want drink,4982
want eat,4983
want get,4984
want lose,4985
want lose weight,4986
want quit,4987
want smoke,4988
want stop,4989
want take,4990
want try,4991
wanted,4992
wanted quit,4993
wanted try,4994
wanting,4995
warn,4996
warned,4997
warning,4998
wash,4999
wash face,5000
washed,5001
washing,5002
washing face,5003
waste,5004
waste money,5005
wasted,5006
watch,5007
watch eat,5008
watched,5009
watcher,5010
watching,5011
watching eat,5012
water,5013
water day,5014
water help,5015
water intake,5016
water weight,5017
wave,5018
way,5019
way better,5020
way le,5021
way much,5022
weak,5023
weakness,5024
wean,5025
wear,5026
wear makeup,5027
wearing,5028
website,5029
wedding,5030
wednesday,5031
week,5032
week acne,5033
week ago,5034
week ago lost,5035
week already,5036
week also,5037
week chantix,5038
week contrave,5039
week day,5040
week eat,5041
week even,5042
week experienced,5043
week face,5044
week far,5045
week feel,5046
week feeling,5047
week felt,5048
week first,5049
week first week,5050
week get,5051
week going,5052
week good,5053
week got,5054
week great,5055
week half,5056
week horrible,5057
week increased,5058
week later,5059
week lb,5060
week lost,5061
week lost lb,5062
week lost pound,5063
week medication,5064
week month,5065
week nausea,5066
week never,5067
week nothing,5068
week noticed,5069
week one,5070
week period,5071
week pill,5072
week pound,5073
week quit,5074
week really,5075
week saw,5076
week second,5077
week see,5078
week seen,5079
week side,5080
week side effect,5081
week since,5082
week skin,5083
week smoked,5084
week start,5085
week started,5086
week starting,5087
week still,5088
week stopped,5089
week take,5090
week taking,5091
week three,5092
week time,5093
week today,5094
week took,5095
week trial,5096
week tried,5097
week two,5098
week use,5099
week using,5100
week week,5101
week weight,5102
week went,5103
week without,5104
week work,5105
week would,5106
weekend,5107
weekly,5108
weigh,5109
weigh lb,5110
weigh pound,5111
weighed,5112
weighed lb,5113
weighed pound,5114
weighed today,5115
weighed yet,5116
weighing,5117
weighing lb,5118
weight,5119
weight also,5120
weight back,5121
weight come,5122
weight day,5123
weight even,5124
weight feel,5125
weight first,5126
weight gain,5127
weight gained,5128
weight goal,5129
weight lb,5130
weight lose,5131
weight loss,5132
weight loss journey,5133
weight loss lb,5134
weight loss yet,5135
weight lost,5136
weight pound,5137
weight problem,5138
weight side,5139
weight side effect,5140
weight since,5141
weight started,5142
weight still,5143
weight today,5144
weight watcher,5145
weight week,5146
weight went,5147
weight year,5148
weight yet,5149
weightloss,5150
weird,5151
weird dream,5152
weird side,5153
weird side effect,5154
well,5155
well day,5156
well first,5157
well side,5158
well side effect,5159
well started,5160
well take,5161
well worth,5162
well year,5163
wellbutrin,5164
went,5165
went away,5166
went back,5167
went back doctor,5168
went bed,5169
went day,5170
went dermatologist,5171
went dermatologist prescribed,5172
went doctor,5173
went lb,5174
went month,5175
went see,5176
went size,5177
whatever,5178
whatsoever,5179
whenever,5180
whether,5181
whilst,5182
white,5183
white head,5184
whitehead,5185
whole,5186
whole day,5187
whole face,5188
whole life,5189
whole lot,5190
whole pill,5191
whole time,5192
wide,5193
wide awake,5194
wife,5195
wild,5196
willing,5197
willpower,5198
win,5199
wine,5200
winter,5201
wipe,5202
wise,5203
wish,5204
wish could,5205
wish luck,5206
wish would,5207
withdrawal,5208
withdrawal symptom,5209
within,5210
within day,5211
within first,5212
within first month,5213
within first week,5214
within hour,5215
within min,5216
within minute,5217
within minute taking,5218
within month,5219
within two,5220
within two week,5221
within week,5222
without,5223
without exercise,5224
without feeling,5225
without makeup,5226
without side,5227
without side effect,5228
without waking,5229
wks,5230
woke,5231
woke feeling,5232
woke morning,5233
woke next,5234
woman,5235
wonder,5236
wonder drug,5237
wonder skin,5238
wonderful,5239
wonderfully,5240
wondering,5241
wont,5242
word,5243
wore,5244
work,5245
work acne,5246
work also,5247
work amazing,5248
work best,5249
work better,5250
work day,5251
work fast,5252
work feel,5253
work fine,5254
work first,5255
work good,5256
work great,5257
work hour,5258
work like,5259
work make,5260
work night,5261
work quickly,5262
work really,5263
work really well,5264
work side,5265
work side effect,5266
work take,5267
work time,5268
work tried,5269
work well,5270
work wonder,5271
work work,5272
work would,5273
worked,5274
worked finally,5275
worked first,5276
worked great,5277
worked like,5278
worked really,5279
worked really well,5280
worked tried,5281
worked well,5282
worked wonder,5283
worker,5284
working,5285
working day,5286
working great,5287
working well,5288
workout,5289
world,5290
worried,5291
worry,5292
worse,5293
worse ever,5294
worse first,5295
worse get,5296
worse get better,5297
worse got,5298
worse got better,5299
worse started,5300
worse worse,5301
worsened,5302
worst,5303
worst acne,5304
worst breakout,5305
worst ever,5306
worst side,5307
worst side effect,5308
worst thing,5309
worth,5310
worth every,5311
worth side,5312
worth try,5313
would,5314
would able,5315
would always,5316
would away,5317
would clear,5318
would come,5319
would definitely,5320
would definitely recommend,5321
would eat,5322
would feel,5323
would get,5324
would give,5325
would help,5326
would highly,5327
would highly recommend,5328
would like,5329
would love,5330
would make,5331
would never,5332
would rather,5333
would recommend,5334
would recommend anyone,5335
would say,5336
would start,5337
would still,5338
would suggest,5339
would take,5340
would try,5341
would wake,5342
would work,5343
wow,5344
wrinkle,5345
write,5346
write review,5347
writing,5348
written,5349
wrong,5350
wrote,5351
xanax,5352
xenical,5353
xyzal,5354
yasmin,5355
yay,5356
yaz,5357
yaz month,5358
yeah,5359
year,5360
year acne,5361
year ago,5362
year ago lost,5363
year also,5364
year always,5365
year back,5366
year college,5367
year doctor,5368
year due,5369
year feel,5370
year finally,5371
year first,5372
year got,5373
year half,5374
year high,5375
year high school,5376
year last,5377
year later,5378
year lost,5379
year month,5380
year never,5381
year nothing,5382
year old,5383
year old female,5384
year old male,5385
year old started,5386
year old woman,5387
year one,5388
year pack,5389
year pack day,5390
year prescribed,5391
year quit,5392
year really,5393
year side,5394
year side effect,5395
year since,5396
year skin,5397
year sleep,5398
year smoke,5399
year smoke free,5400
year smoking,5401
year started,5402
year still,5403
year stopped,5404
year take,5405
year taking,5406
year time,5407
year took,5408
year tried,5409
year tried everything,5410
year trying,5411
year used,5412
year using,5413
year went,5414
year without,5415
year work,5416
year worked,5417
year would,5418
year year,5419
yeast,5420
yeast infection,5421
yes,5422
yesterday,5423
yet,5424
yogurt,5425
young,5426
younger,5427
yr,5428
yr ago,5429
yr old,5430
zero,5431
zero side,5432
zero side effect,5433
ziana,5434
zit,5435
zoloft,5436
zolpidem,5437
zombie,5438
zone,5439
zyban,5440
